StudentID,MathScore,ReadingScore,WritingScore,Gender_male,LunchType_standard,TestPrepCourse_none,TestPrepCourse_not completed
1001,59.0,0.6538461538461539,0.6075949367088608,True,True,False,False
1002,47.0,0.5384615384615384,0.4810126582278481,False,False,True,False
1003,85.0,0.782051282051282,0.8227848101265823,True,True,True,False
1004,76.0,0.5641025641025641,0.5443037974683544,True,True,True,False
1005,47.0,0.47435897435897434,0.49367088607594933,False,False,False,False
1006,77.0,0.7435897435897435,0.7848101265822786,True,True,True,False
1007,39.0,0.20512820512820512,0.22784810126582278,False,False,False,False
1008,84.0,0.8333333333333334,0.8607594936708861,True,True,True,False
1009,41.0,0.1282051282051282,0.13924050632911394,True,False,True,False
1010,62.0,0.3589743589743589,0.3291139240506329,False,False,False,False
1011,93.0,0.8461538461538461,0.8227848101265823,False,False,True,False
1012,37.0,0.21794871794871795,0.20253164556962028,True,True,False,False
1013,63.0,0.5641025641025641,0.6329113924050633,False,False,True,False
1014,61.0,0.5256410256410257,0.4683544303797469,True,True,True,False
1015,44.0,0.33333333333333337,0.2784810126582279,False,True,True,False
1016,82.0,0.8974358974358975,0.9367088607594937,True,True,True,False
1017,62.0,0.5,0.5443037974683544,False,True,True,False
1018,76.0,0.717948717948718,0.6582278481012659,True,True,True,False
1019,38.0,0.2435897435897436,0.189873417721519,False,True,True,False
1020,59.0,0.6282051282051282,0.569620253164557,True,False,False,False
1021,69.0,0.5384615384615384,0.6075949367088608,False,True,True,False
1022,66.0,0.5256410256410257,0.4683544303797469,True,True,True,False
1023,61.0,0.46153846153846156,0.5189873417721519,True,False,True,False
1024,38.0,0.14102564102564102,0.21518987341772156,False,True,True,False
1025,59.0,0.8589743589743589,0.8860759493670886,True,True,True,False
1026,79.0,0.7435897435897435,0.6962025316455697,True,True,True,False
1027,40.0,0.5128205128205128,0.20253164556962028,True,True,True,False
1028,82.0,0.923076923076923,0.8987341772151899,True,True,True,False
1029,68.0,0.6153846153846153,0.620253164556962,False,True,True,False
1030,59.0,0.5256410256410257,0.5316455696202532,False,False,True,False
1031,47.0,0.21794871794871795,0.17721518987341772,False,False,True,False
1032,56.0,0.5,0.44303797468354433,True,True,True,False
1033,66.0,0.5512820512820512,0.6075949367088608,False,True,True,False
1034,66.0,0.7948717948717948,0.7341772151898734,False,True,True,False
1035,72.0,0.6923076923076923,0.6962025316455697,False,False,False,False
1036,73.0,0.6666666666666666,0.7088607594936709,False,False,False,False
1037,44.0,0.3846153846153846,0.4177215189873418,False,False,True,False
1038,39.0,0.2564102564102564,0.2911392405063291,True,True,True,False
1039,81.0,0.9358974358974358,0.9746835443037974,True,True,True,False
1040,97.0,0.7435897435897435,0.7721518987341772,False,True,False,False
1041,40.0,0.08974358974358976,0.15189873417721522,True,False,True,False
1042,60.0,0.5769230769230769,0.5189873417721519,True,True,True,False
1043,78.0,0.5897435897435898,0.620253164556962,False,True,True,False
1044,84.0,0.9102564102564102,0.8481012658227848,True,True,False,False
1045,58.0,0.4487179487179487,0.40506329113924056,True,False,True,False
1046,34.0,0.23076923076923073,0.2784810126582279,False,True,True,False
1047,71.0,0.6282051282051282,0.6455696202531646,False,True,True,False
1048,31.0,0.16666666666666663,0.189873417721519,True,True,True,False
1049,81.0,0.7435897435897435,0.7721518987341772,True,True,True,False
1050,70.0,0.6794871794871794,0.6835443037974683,True,False,True,False
1051,61.0,0.5641025641025641,0.5569620253164557,True,False,False,False
1052,44.0,0.4358974358974359,0.4683544303797469,False,True,False,False
1053,50.0,0.26923076923076916,0.22784810126582278,True,True,True,False
1054,59.0,0.8205128205128204,0.8860759493670886,False,True,True,False
1055,42.0,0.3717948717948718,0.35443037974683544,True,True,True,False
1056,62.0,0.5128205128205128,0.6329113924050633,False,True,True,False
1057,60.0,0.3717948717948718,0.430379746835443,True,True,False,False
1058,52.0,0.5256410256410257,0.5063291139240507,False,True,True,False
1059,50.0,0.4358974358974359,0.5063291139240507,False,False,True,False
1060,43.0,0.14102564102564102,0.17721518987341772,False,True,False,False
1061,54.0,0.39743589743589747,0.5063291139240507,True,False,True,False
1062,88.0,0.7564102564102563,0.6962025316455697,False,True,False,False
1063,77.0,0.6666666666666666,0.6835443037974683,True,True,True,False
1064,55.0,0.3076923076923077,0.35443037974683544,False,True,True,False
1065,42.0,0.14102564102564102,0.17721518987341772,False,False,False,False
1066,40.0,0.07692307692307693,0.10126582278481017,True,False,False,False
1067,59.0,0.5384615384615384,0.5316455696202532,True,False,True,False
1068,63.0,0.5384615384615384,0.5569620253164557,False,True,True,False
1069,67.0,0.5769230769230769,0.5063291139240507,True,True,True,False
1070,62.0,0.423076923076923,0.379746835443038,False,True,True,False
1071,81.0,0.7948717948717948,0.8481012658227848,True,False,True,False
1072,82.0,0.7948717948717948,0.8607594936708861,True,True,True,False
1073,91.0,0.7564102564102563,0.7468354430379748,True,True,True,False
1074,28.0,0.2564102564102564,0.3291139240506329,True,False,True,False
1075,43.0,0.33333333333333337,0.3924050632911392,False,True,True,False
1076,42.0,0.17948717948717946,0.17721518987341772,False,False,True,False
1077,88.0,0.7948717948717948,0.7468354430379748,False,True,True,False
1078,39.0,0.39743589743589747,0.3670886075949368,True,False,True,False
1079,52.0,0.3589743589743589,0.379746835443038,False,True,True,False
1080,59.0,0.4358974358974359,0.4177215189873418,True,False,False,False
1081,78.0,0.8974358974358975,0.8860759493670886,False,True,True,False
1082,33.0,0.0641025641025641,0.5063291139240507,False,False,True,False
1083,42.0,0.26923076923076916,0.30379746835443044,True,True,True,False
1084,53.0,0.39743589743589747,0.4177215189873418,True,True,True,False
1085,34.0,0.5128205128205128,0.13924050632911394,False,True,True,False
1086,45.0,0.3846153846153846,0.45569620253164556,False,True,True,False
1087,63.0,0.6025641025641025,0.5822784810126582,True,True,False,False
1088,57.0,0.3589743589743589,0.40506329113924056,False,False,False,False
1089,91.0,0.7307692307692307,0.7215189873417721,True,True,True,False
1090,67.0,0.6666666666666666,0.7341772151898734,False,True,True,False
1091,79.0,0.9358974358974358,0.8860759493670886,True,True,True,False
1092,35.0,0.28205128205128205,0.3291139240506329,False,True,False,False
1093,44.0,0.21794871794871795,0.5063291139240507,False,True,True,False
1094,63.0,0.5128205128205128,0.5822784810126582,False,False,True,False
1095,52.0,0.3205128205128205,0.26582278481012656,True,True,False,False
1096,70.0,0.7564102564102563,0.8227848101265823,True,False,True,False
1097,74.0,0.5128205128205128,0.7594936708860759,False,True,True,False
1098,30.0,0.2948717948717948,0.2405063291139241,True,False,True,False
1099,30.0,0.28205128205128205,0.25316455696202533,False,True,False,False
1100,45.0,0.5128205128205128,0.5443037974683544,True,True,False,False
1101,43.0,0.038461538461538436,0.012658227848101278,True,True,True,False
1102,71.0,0.6153846153846153,0.6329113924050633,False,False,False,False
1103,25.0,0.08974358974358976,0.03797468354430383,True,True,False,False
1104,51.0,0.4487179487179487,0.5063291139240507,False,False,True,False
1105,59.0,0.5256410256410257,0.4683544303797469,False,False,True,False
1106,50.0,0.46153846153846156,0.5063291139240507,True,True,False,False
1107,39.0,0.17948717948717946,0.17721518987341772,True,True,False,False
1108,67.0,0.7051282051282051,0.7594936708860759,False,True,False,False
1109,45.0,0.2564102564102564,0.30379746835443044,True,True,True,False
1110,73.0,0.6923076923076923,0.6708860759493671,True,True,False,False
1111,74.0,0.6538461538461539,0.6455696202531646,True,False,True,False
1112,65.0,0.5256410256410257,0.569620253164557,False,True,True,False
1113,80.0,0.5128205128205128,0.7088607594936709,False,True,True,False
1114,46.0,0.33333333333333337,0.3291139240506329,True,True,True,False
1115,88.0,0.5128205128205128,0.8227848101265823,False,True,True,False
1116,90.0,0.6794871794871794,0.6329113924050633,True,True,True,False
1117,68.0,0.8205128205128204,0.7721518987341772,True,True,True,False
1118,31.0,0.1923076923076923,0.13924050632911394,True,True,True,False
1119,85.0,0.6538461538461539,0.6075949367088608,True,True,True,False
1120,63.0,0.39743589743589747,0.3670886075949368,False,False,False,False
1121,62.0,0.6538461538461539,0.6962025316455697,True,False,False,False
1122,59.0,0.6538461538461539,0.5949367088607596,True,True,True,False
1123,29.0,0.21794871794871795,0.2405063291139241,False,True,True,False
1124,46.0,0.3846153846153846,0.5063291139240507,True,True,True,False
1125,50.0,0.5128205128205128,0.5443037974683544,False,False,True,False
1126,76.0,0.7435897435897435,0.7341772151898734,True,False,True,False
1127,84.0,0.8333333333333334,0.8481012658227848,True,False,False,True
1128,68.0,0.5128205128205128,0.49367088607594933,True,False,True,False
1129,56.0,0.26923076923076916,0.21518987341772156,True,True,True,False
1130,80.0,0.7307692307692307,0.7974683544303797,False,False,True,False
1131,38.0,0.15384615384615385,0.11392405063291139,True,True,True,False
1132,52.0,0.5128205128205128,0.4810126582278481,True,True,True,False
1133,53.0,0.4358974358974359,0.40506329113924056,True,True,False,False
1134,73.0,0.6282051282051282,0.5949367088607596,True,False,True,False
1135,42.0,0.10256410256410253,0.11392405063291139,True,True,False,False
1136,59.0,0.21794871794871795,0.22784810126582278,True,False,True,False
1137,28.0,0.5128205128205128,0.21518987341772156,True,True,False,False
1138,23.0,0.23076923076923073,0.25316455696202533,False,False,True,False
1139,61.0,0.5512820512820512,0.5063291139240507,True,True,True,False
1140,87.0,0.7564102564102563,0.7341772151898734,True,False,True,False
1141,30.0,0.3589743589743589,0.5063291139240507,True,True,True,False
1142,77.0,0.9358974358974358,1.0,True,True,False,False
1143,43.0,0.3076923076923077,0.26582278481012656,False,False,False,False
1144,59.0,0.34615384615384615,0.3417721518987342,True,False,True,False
1145,59.0,0.8076923076923076,0.7974683544303797,True,True,True,False
1146,46.0,0.23076923076923073,0.189873417721519,True,True,False,False
1147,77.0,0.8076923076923076,0.7468354430379748,False,True,True,False
1148,27.0,0.08974358974358976,0.11392405063291139,True,False,False,False
1149,38.0,0.038461538461538436,0.06329113924050633,True,True,False,False
1150,78.0,0.5897435897435898,0.6582278481012659,False,True,False,False
1151,51.0,0.5512820512820512,0.569620253164557,False,True,True,False
1152,43.0,0.3076923076923077,0.3291139240506329,False,True,True,False
1153,74.0,0.5897435897435898,0.6455696202531646,False,True,True,False
1154,41.0,0.11538461538461536,0.17721518987341772,False,True,True,False
1155,43.0,0.1282051282051282,0.08860759493670889,True,True,True,False
1156,41.0,0.08974358974358976,0.05063291139240511,False,False,False,False
1157,72.0,0.7435897435897435,0.7088607594936709,True,True,False,False
1158,35.0,0.20512820512820512,0.2784810126582279,False,False,True,False
1159,60.0,0.6666666666666666,0.6962025316455697,False,True,True,False
1160,63.0,0.6923076923076923,0.7468354430379748,True,True,True,False
1161,76.0,0.6025641025641025,0.5949367088607596,False,False,True,False
1162,45.0,0.28205128205128205,0.30379746835443044,True,False,True,False
1163,26.0,0.2435897435897436,0.189873417721519,True,True,True,False
1164,87.0,0.5128205128205128,0.810126582278481,True,True,False,True
1165,87.0,0.8333333333333334,0.7721518987341772,False,False,True,False
1166,59.0,0.1282051282051282,0.1645569620253165,False,False,False,False
1167,59.0,0.7435897435897435,0.7848101265822786,False,False,False,False
1168,70.0,0.6794871794871794,0.7215189873417721,False,True,True,False
1169,38.0,0.15384615384615385,0.10126582278481017,False,True,False,False
1170,45.0,0.39743589743589747,0.40506329113924056,False,True,True,False
1171,82.0,0.8076923076923076,0.8607594936708861,True,True,True,False
1172,75.0,0.6666666666666666,0.6582278481012659,True,True,True,False
1173,33.0,0.33333333333333337,0.3417721518987342,False,False,False,False
1174,71.0,0.6794871794871794,0.7215189873417721,True,True,True,False
1175,74.0,0.5384615384615384,0.569620253164557,True,False,True,False
1176,77.0,0.5128205128205128,0.5822784810126582,False,True,False,False
1177,79.0,0.923076923076923,0.8607594936708861,False,True,True,False
1178,23.0,0.2435897435897436,0.30379746835443044,False,False,False,False
1179,40.0,0.23076923076923073,0.25316455696202533,False,True,True,False
1180,81.0,0.8974358974358975,0.8860759493670886,True,True,True,False
1181,34.0,0.5128205128205128,0.20253164556962028,True,False,True,False
1182,71.0,0.6282051282051282,0.6329113924050633,True,True,True,False
1183,86.0,0.9358974358974358,0.9873417721518988,False,False,True,False
1184,96.0,0.7692307692307693,0.7974683544303797,True,True,False,False
1185,59.0,0.6923076923076923,0.5063291139240507,False,True,True,False
1186,56.0,0.5641025641025641,0.5443037974683544,False,True,False,False
1187,49.0,0.17948717948717946,0.1645569620253165,True,True,True,False
1188,35.0,0.1923076923076923,0.2405063291139241,False,False,True,False
1189,54.0,0.34615384615384615,0.3291139240506329,False,False,True,False
1190,50.0,0.28205128205128205,0.3417721518987342,True,True,True,False
1191,45.0,0.33333333333333337,0.31645569620253167,True,False,True,False
1192,73.0,0.5641025641025641,0.5063291139240507,False,True,True,False
1193,70.0,0.5641025641025641,0.5063291139240507,False,False,False,False
1194,42.0,0.2948717948717948,0.3670886075949368,True,True,True,False
1195,50.0,0.423076923076923,0.4810126582278481,True,True,False,False
1196,33.0,0.20512820512820512,0.2405063291139241,False,True,False,False
1197,37.0,0.15384615384615385,0.17721518987341772,True,False,False,False
1198,54.0,0.41025641025641024,0.3924050632911392,False,True,True,False
1199,55.0,0.5128205128205128,0.3291139240506329,False,True,False,False
1200,88.0,0.641025641025641,0.6708860759493671,False,True,False,False
1201,34.0,0.038461538461538436,0.07594936708860761,False,False,True,False
1202,79.0,0.9358974358974358,0.9240506329113923,True,True,True,False
1203,88.0,0.7948717948717948,0.8481012658227848,True,False,False,False
1204,75.0,0.717948717948718,0.7848101265822786,True,True,True,False
1205,51.0,0.2435897435897436,0.26582278481012656,False,True,True,False
1206,63.0,0.7564102564102563,0.8227848101265823,True,False,True,False
1207,76.0,0.8076923076923076,0.7594936708860759,True,False,True,False
1208,59.0,0.1923076923076923,0.1645569620253165,True,False,False,False
1209,38.0,0.16666666666666663,0.11392405063291139,True,True,True,False
1210,67.0,0.7564102564102563,0.7468354430379748,False,False,True,False
1211,72.0,0.5769230769230769,0.620253164556962,False,True,True,False
1212,87.0,0.7564102564102563,0.7341772151898734,False,False,False,False
1213,71.0,0.5128205128205128,0.6962025316455697,True,True,False,False
1214,66.0,0.7564102564102563,0.7721518987341772,True,False,True,False
1215,51.0,0.33333333333333337,0.379746835443038,True,True,True,False
1216,35.0,0.28205128205128205,0.22784810126582278,False,True,True,False
1217,42.0,0.34615384615384615,0.35443037974683544,True,True,False,False
1218,29.0,0.5128205128205128,0.5063291139240507,True,True,True,False
1219,65.0,0.717948717948718,0.7215189873417721,True,True,True,False
1220,60.0,0.6923076923076923,0.6835443037974683,False,True,True,False
1221,48.0,0.23076923076923073,0.2405063291139241,True,True,False,False
1222,50.0,0.3589743589743589,0.40506329113924056,True,False,True,False
1223,42.0,0.3205128205128205,0.3291139240506329,True,True,True,False
1224,31.0,0.20512820512820512,0.17721518987341772,True,True,True,False
1225,75.0,0.7051282051282051,0.7594936708860759,True,False,True,False
1226,39.0,0.10256410256410253,0.10126582278481017,True,False,True,False
1227,86.0,0.7692307692307693,0.7594936708860759,True,True,False,False
1228,50.0,0.5128205128205128,0.4810126582278481,False,True,True,False
1229,33.0,0.11538461538461536,0.10126582278481017,True,False,False,False
1230,76.0,0.5128205128205128,0.8607594936708861,False,True,False,False
1231,49.0,0.3589743589743589,0.40506329113924056,False,False,False,False
1232,59.0,0.6282051282051282,0.6075949367088608,True,True,True,False
1233,59.0,0.5641025641025641,0.5569620253164557,False,False,True,False
1234,59.0,0.5769230769230769,0.6455696202531646,True,True,False,False
1235,26.0,0.14102564102564102,0.13924050632911394,False,False,True,False
1236,47.0,0.3717948717948718,0.3291139240506329,False,True,True,False
1237,41.0,0.34615384615384615,0.379746835443038,True,True,True,False
1238,72.0,0.5641025641025641,0.5822784810126582,False,False,True,False
1239,61.0,0.33333333333333337,0.35443037974683544,True,True,True,False
1240,46.0,0.3846153846153846,0.44303797468354433,False,True,True,False
1241,91.0,0.5128205128205128,0.7088607594936709,True,True,False,False
1242,44.0,0.3589743589743589,0.3291139240506329,False,True,True,False
1243,74.0,0.5897435897435898,0.5569620253164557,False,True,True,False
1244,54.0,0.6153846153846153,0.6075949367088608,True,False,True,False
1245,64.0,0.641025641025641,0.6835443037974683,True,False,True,False
1246,77.0,0.8076923076923076,0.7974683544303797,False,False,True,False
1247,59.0,0.5128205128205128,0.6708860759493671,True,True,True,False
1248,79.0,0.7948717948717948,0.8354430379746834,False,True,True,False
1249,62.0,0.6794871794871794,0.6582278481012659,False,True,False,False
1250,80.0,0.9743589743589743,0.9240506329113923,False,True,True,False
1251,92.0,0.5128205128205128,0.8734177215189874,False,True,True,False
1252,45.0,0.3717948717948718,0.3670886075949368,True,True,True,False
1253,86.0,0.6153846153846153,0.5569620253164557,True,True,False,False
1254,61.0,0.7307692307692307,0.7848101265822786,True,False,False,False
1255,57.0,0.5256410256410257,0.5949367088607596,False,False,True,False
1256,65.0,0.4487179487179487,0.5189873417721519,False,True,False,False
1257,78.0,0.7564102564102563,0.7215189873417721,False,False,True,False
1258,60.0,0.5128205128205128,0.4810126582278481,True,False,True,False
1259,92.0,0.717948717948718,0.6582278481012659,True,True,False,False
1260,79.0,0.5128205128205128,0.949367088607595,False,True,True,False
1261,34.0,0.28205128205128205,0.26582278481012656,True,True,False,False
1262,59.0,0.782051282051282,0.7215189873417721,False,True,False,False
1263,59.0,0.3589743589743589,0.35443037974683544,False,False,True,False
1264,41.0,0.20512820512820512,0.2405063291139241,True,True,True,False
1265,47.0,0.46153846153846156,0.4683544303797469,False,False,True,False
1266,54.0,0.5128205128205128,0.3670886075949368,False,True,False,False
1267,79.0,0.782051282051282,0.7848101265822786,True,True,True,False
1268,71.0,0.423076923076923,0.4683544303797469,True,True,True,False
1269,61.0,0.6794871794871794,0.7088607594936709,True,True,True,False
1270,76.0,0.9102564102564102,0.8607594936708861,True,True,True,False
1271,75.0,0.7051282051282051,0.7594936708860759,False,True,True,False
1272,80.0,0.7051282051282051,0.6835443037974683,True,True,False,False
1273,59.0,0.9358974358974358,0.8734177215189874,True,True,False,True
1274,41.0,0.2948717948717948,0.35443037974683544,True,True,True,False
1275,66.0,0.6923076923076923,0.7088607594936709,False,True,True,False
1276,49.0,0.26923076923076916,0.22784810126582278,True,False,True,False
1277,54.0,0.4871794871794871,0.5569620253164557,True,False,False,False
1278,85.0,0.7692307692307693,0.7848101265822786,True,True,True,False
1279,62.0,0.5769230769230769,0.620253164556962,True,False,False,False
1280,59.0,0.7948717948717948,0.7468354430379748,False,True,True,False
1281,28.0,0.11538461538461536,0.189873417721519,True,True,True,False
1282,62.0,0.641025641025641,0.6708860759493671,True,True,True,False
1283,96.0,0.7948717948717948,0.8481012658227848,True,False,True,False
1284,63.0,0.4871794871794871,0.430379746835443,True,True,True,False
1285,68.0,0.47435897435897434,0.4177215189873418,False,True,False,False
1286,80.0,0.782051282051282,0.7721518987341772,True,False,False,False
1287,41.0,0.26923076923076916,0.3291139240506329,False,False,True,False
1288,77.0,0.7307692307692307,0.7721518987341772,True,False,True,False
1289,42.0,0.3717948717948718,0.31645569620253167,False,True,False,False
1290,85.0,0.7948717948717948,0.7721518987341772,False,True,False,False
1291,44.0,0.23076923076923073,0.21518987341772156,False,False,True,False
1292,78.0,0.9615384615384616,0.9620253164556961,False,True,True,False
1293,76.0,0.5384615384615384,0.5189873417721519,True,True,True,False
1294,58.0,0.5512820512820512,0.620253164556962,False,False,True,False
1295,68.0,0.5256410256410257,0.4810126582278481,False,True,False,False
1296,60.0,0.4487179487179487,0.4810126582278481,True,False,True,False
1297,41.0,0.3076923076923077,0.3291139240506329,True,True,True,False
1298,67.0,0.47435897435897434,0.5443037974683544,False,True,False,False
1299,32.0,0.1282051282051282,0.12658227848101267,True,False,True,False
1300,24.0,0.15384615384615385,0.21518987341772156,False,True,True,False
1301,65.0,0.6538461538461539,0.620253164556962,False,False,True,False
1302,74.0,0.717948717948718,0.7721518987341772,True,True,True,False
1303,50.0,0.41025641025641024,0.5063291139240507,False,True,True,False
1304,76.0,0.8461538461538461,0.810126582278481,False,False,True,False
1305,83.0,0.8333333333333334,0.7974683544303797,False,False,True,False
1306,97.0,0.923076923076923,0.5063291139240507,False,False,True,False
1307,51.0,0.5128205128205128,0.5063291139240507,False,True,False,False
1308,69.0,0.717948717948718,0.7721518987341772,False,True,False,False
1309,99.0,0.8846153846153845,0.8734177215189874,True,False,False,False
1310,62.0,0.7435897435897435,0.7974683544303797,False,True,False,False
1311,93.0,0.7564102564102563,0.6962025316455697,False,False,True,False
1312,84.0,0.8717948717948717,0.8354430379746834,False,True,True,False
1313,66.0,0.7051282051282051,0.5063291139240507,False,False,True,False
1314,50.0,0.5128205128205128,0.26582278481012656,False,True,True,False
1315,63.0,0.4358974358974359,0.44303797468354433,False,True,True,False
1316,33.0,0.038461538461538436,0.07594936708860761,False,True,True,False
1317,87.0,0.7948717948717948,0.8227848101265823,False,True,False,False
1318,56.0,0.6282051282051282,0.6708860759493671,True,False,True,False
1319,76.0,0.8076923076923076,0.7974683544303797,True,True,True,False
1320,59.0,0.3846153846153846,0.35443037974683544,True,False,True,False
1321,34.0,0.2435897435897436,0.21518987341772156,True,False,True,False
1322,44.0,0.23076923076923073,0.22784810126582278,False,True,True,False
1323,48.0,0.41025641025641024,0.4683544303797469,True,True,True,False
1324,88.0,0.8974358974358975,0.9620253164556961,False,False,True,False
1325,75.0,0.9102564102564102,0.9367088607594937,False,True,True,False
1326,50.0,0.423076923076923,0.4177215189873418,True,True,True,False
1327,63.0,0.6666666666666666,0.7215189873417721,False,True,True,False
1328,72.0,0.7692307692307693,0.7848101265822786,False,False,False,False
1329,57.0,0.6538461538461539,0.7215189873417721,False,True,True,False
1330,81.0,0.7435897435897435,0.6962025316455697,True,False,True,False
1331,77.0,0.7435897435897435,0.7721518987341772,False,False,True,False
1332,47.0,0.3076923076923077,0.3670886075949368,False,True,True,False
1333,68.0,0.6794871794871794,0.620253164556962,False,True,True,False
1334,60.0,0.3846153846153846,0.35443037974683544,False,False,False,False
1335,30.0,0.5128205128205128,0.08860759493670889,False,False,True,False
1336,66.0,0.41025641025641024,0.45569620253164556,True,False,True,False
1337,84.0,0.782051282051282,0.8481012658227848,False,True,False,False
1338,50.0,0.39743589743589747,0.3417721518987342,False,True,False,False
1339,53.0,0.5512820512820512,0.5189873417721519,False,True,True,False
1340,27.0,0.26923076923076916,0.22784810126582278,False,True,True,False
1341,29.0,0.23076923076923073,0.2911392405063291,True,False,True,False
1342,83.0,0.6666666666666666,0.6075949367088608,False,True,False,False
1343,37.0,0.39743589743589747,0.3924050632911392,False,True,False,False
1344,59.0,0.6794871794871794,0.7088607594936709,True,True,False,False
1345,53.0,0.5384615384615384,0.5189873417721519,True,True,False,False
1346,49.0,0.3846153846153846,0.40506329113924056,False,True,False,False
1347,65.0,0.423076923076923,0.44303797468354433,True,True,True,False
1348,59.0,0.6282051282051282,0.5949367088607596,True,False,True,False
1349,62.0,0.5384615384615384,0.5949367088607596,False,True,True,False
1350,80.0,0.5128205128205128,0.8607594936708861,False,False,False,False
1351,40.0,0.2564102564102564,0.20253164556962028,True,True,True,False
1352,62.0,0.39743589743589747,0.379746835443038,False,True,True,False
1353,51.0,0.34615384615384615,0.30379746835443044,False,False,False,False
1354,45.0,0.3076923076923077,0.26582278481012656,True,True,True,False
1355,42.0,0.16666666666666663,0.20253164556962028,True,True,True,False
1356,84.0,0.6538461538461539,0.6582278481012659,True,False,True,False
1357,34.0,0.16666666666666663,0.189873417721519,True,False,False,False
1358,79.0,0.7435897435897435,0.7215189873417721,True,False,True,False
1359,88.0,0.8846153846153845,0.9367088607594937,False,True,True,False
1360,55.0,0.3717948717948718,0.3924050632911392,True,True,True,False
1361,90.0,0.8333333333333334,0.8607594936708861,True,True,True,False
1362,64.0,0.641025641025641,0.6835443037974683,False,False,True,False
1363,57.0,0.5,0.45569620253164556,False,True,True,False
1364,68.0,0.5128205128205128,0.4810126582278481,True,True,True,False
1365,58.0,0.5897435897435898,0.620253164556962,False,False,True,False
1366,49.0,0.5128205128205128,0.30379746835443044,True,True,True,False
1367,27.0,0.11538461538461536,0.17721518987341772,False,True,False,False
1368,49.0,0.23076923076923073,0.25316455696202533,True,False,True,False
1369,56.0,0.28205128205128205,0.3417721518987342,False,True,True,False
1370,54.0,0.41025641025641024,0.4683544303797469,True,True,True,False
1371,37.0,0.34615384615384615,0.2911392405063291,True,True,False,False
1372,90.0,0.782051282051282,0.8481012658227848,True,False,True,False
1373,55.0,0.5,0.5443037974683544,True,True,False,False
1374,82.0,0.6794871794871794,0.7088607594936709,True,True,True,False
1375,56.0,0.3717948717948718,0.4177215189873418,True,False,True,False
1376,49.0,0.46153846153846156,0.45569620253164556,False,True,True,False
1377,44.0,0.14102564102564102,0.21518987341772156,True,False,False,False
1378,70.0,0.4358974358974359,0.44303797468354433,False,True,True,False
1379,60.0,0.3846153846153846,0.35443037974683544,False,True,True,False
1380,50.0,0.46153846153846156,0.4683544303797469,True,True,False,False
1381,63.0,0.5,0.5063291139240507,False,True,True,False
1382,60.0,0.7051282051282051,0.7088607594936709,False,True,True,False
1383,62.0,0.39743589743589747,0.4177215189873418,True,True,False,False
1384,59.0,0.8205128205128204,0.7594936708860759,False,False,True,False
1385,76.0,0.6153846153846153,0.6329113924050633,True,False,True,False
1386,59.0,0.4358974358974359,0.45569620253164556,False,False,True,False
1387,58.0,0.4871794871794871,0.5569620253164557,False,True,True,False
1388,67.0,0.6538461538461539,0.7215189873417721,False,True,True,False
1389,96.0,0.782051282051282,0.7848101265822786,False,False,True,False
1390,42.0,0.4358974358974359,0.49367088607594933,False,True,True,False
1391,25.0,0.11538461538461536,0.15189873417721522,True,True,True,False
1392,26.0,0.15384615384615385,0.17721518987341772,False,True,True,False
1393,44.0,0.3589743589743589,0.3291139240506329,True,False,True,False
1394,39.0,0.423076923076923,0.44303797468354433,True,True,False,False
1395,91.0,0.717948717948718,0.7215189873417721,False,False,False,False
1396,91.0,0.7564102564102563,0.7974683544303797,False,True,True,False
1397,45.0,0.5384615384615384,0.5063291139240507,False,True,True,False
1398,54.0,0.4487179487179487,0.4177215189873418,False,False,False,False
1399,25.0,0.0641025641025641,0.012658227848101278,False,True,True,False
1400,59.0,0.2948717948717948,0.3291139240506329,False,False,True,False
1401,54.0,0.5512820512820512,0.49367088607594933,True,False,True,False
1402,32.0,0.2564102564102564,0.31645569620253167,False,True,True,False
1403,51.0,0.3717948717948718,0.430379746835443,False,True,True,False
1404,37.0,0.07692307692307693,0.10126582278481017,False,False,True,False
1405,43.0,0.3846153846153846,0.3291139240506329,False,True,True,False
1406,59.0,0.41025641025641024,0.4177215189873418,True,False,True,False
1407,59.0,0.6153846153846153,0.5063291139240507,True,False,True,False
1408,59.0,0.16666666666666663,0.13924050632911394,True,True,True,False
1409,65.0,0.641025641025641,0.620253164556962,False,False,True,False
1410,80.0,0.717948717948718,0.7594936708860759,True,True,True,False
1411,68.0,0.641025641025641,0.6708860759493671,False,False,False,False
1412,74.0,0.717948717948718,0.7088607594936709,False,False,True,False
1413,35.0,0.5128205128205128,0.06329113924050633,False,True,False,False
1414,48.0,0.4487179487179487,0.4177215189873418,False,True,True,False
1415,54.0,0.5128205128205128,0.45569620253164556,False,False,True,False
1416,63.0,0.34615384615384615,0.3924050632911392,False,False,True,False
1417,89.0,0.6666666666666666,0.7088607594936709,False,True,False,False
1418,53.0,0.5769230769230769,0.5949367088607596,False,True,True,False
1419,58.0,0.34615384615384615,0.30379746835443044,True,True,False,False
1420,92.0,0.8717948717948717,0.8734177215189874,False,False,True,False
1421,68.0,0.8461538461538461,0.8227848101265823,True,False,True,False
1422,65.0,0.41025641025641024,0.44303797468354433,True,True,False,False
1423,88.0,0.6538461538461539,0.6075949367088608,True,True,True,False
1424,67.0,0.423076923076923,0.40506329113924056,False,False,True,False
1425,50.0,0.423076923076923,0.45569620253164556,True,True,True,False
1426,81.0,0.5128205128205128,0.7721518987341772,False,True,True,False
1427,80.0,0.7307692307692307,0.7974683544303797,True,False,False,False
1428,39.0,0.3717948717948718,0.4177215189873418,True,False,False,False
1429,49.0,0.47435897435897434,0.5316455696202532,True,True,True,False
1430,41.0,0.3076923076923077,0.30379746835443044,True,True,True,False
1431,65.0,0.717948717948718,0.7468354430379748,False,True,True,False
1432,52.0,0.41025641025641024,0.3924050632911392,False,True,False,False
1433,47.0,0.2435897435897436,0.2784810126582279,True,True,False,False
1434,30.0,0.16666666666666663,0.20253164556962028,True,True,False,False
1435,37.0,0.23076923076923073,0.26582278481012656,True,True,True,False
1436,66.0,0.6538461538461539,0.6835443037974683,False,True,True,False
1437,73.0,0.6923076923076923,0.6835443037974683,False,True,True,False
1438,77.0,0.8974358974358975,0.8987341772151899,True,True,False,False
1439,84.0,0.7948717948717948,0.7341772151898734,True,True,True,False
1440,45.0,0.3717948717948718,0.3924050632911392,False,False,False,False
1441,44.0,0.5128205128205128,0.5443037974683544,True,False,False,False
1442,36.0,0.20512820512820512,0.20253164556962028,True,True,False,False
1443,38.0,0.5128205128205128,0.13924050632911394,False,True,True,False
1444,42.0,0.2564102564102564,0.26582278481012656,False,True,False,False
1445,79.0,0.7564102564102563,0.7721518987341772,False,True,True,False
1446,55.0,0.3589743589743589,0.3924050632911392,False,True,True,False
1447,40.0,0.5128205128205128,0.26582278481012656,True,True,False,False
1448,44.0,0.3205128205128205,0.5063291139240507,True,True,True,False
1449,78.0,0.8717948717948717,0.8227848101265823,True,True,False,False
1450,82.0,0.8205128205128204,0.7721518987341772,False,True,True,False
1451,46.0,0.3846153846153846,0.379746835443038,True,True,True,False
1452,60.0,0.6538461538461539,0.7088607594936709,True,True,True,False
1453,72.0,0.7435897435897435,0.7468354430379748,False,True,True,False
1454,78.0,0.923076923076923,0.9746835443037974,False,True,True,False
1455,51.0,0.3846153846153846,0.3417721518987342,True,True,False,False
1456,86.0,0.8717948717948717,0.8227848101265823,False,True,True,False
1457,54.0,0.2435897435897436,0.22784810126582278,False,False,True,False
1458,65.0,0.47435897435897434,0.49367088607594933,True,False,True,False
1459,34.0,0.16666666666666663,0.13924050632911394,True,True,True,False
1460,42.0,0.3846153846153846,0.3924050632911392,False,True,True,False
1461,50.0,0.3589743589743589,0.3417721518987342,False,True,True,False
1462,51.0,0.3589743589743589,0.3670886075949368,True,True,True,False
1463,64.0,0.5256410256410257,0.5569620253164557,True,True,True,False
1464,84.0,0.6794871794871794,0.6708860759493671,False,True,True,False
1465,27.0,0.2948717948717948,0.5063291139240507,True,True,True,False
1466,44.0,0.3717948717948718,0.35443037974683544,True,False,False,False
1467,78.0,0.7948717948717948,0.8481012658227848,True,False,True,False
1468,46.0,0.2948717948717948,0.2784810126582279,True,False,True,False
1469,27.0,0.08974358974358976,0.1645569620253165,False,True,True,False
1470,36.0,0.28205128205128205,0.25316455696202533,False,True,True,False
1471,34.0,0.15384615384615385,0.5063291139240507,False,False,True,False
1472,75.0,0.6666666666666666,0.6075949367088608,False,False,True,False
1473,56.0,0.6282051282051282,0.6329113924050633,False,False,False,False
1474,32.0,0.15384615384615385,0.21518987341772156,True,False,True,False
1475,62.0,0.6025641025641025,0.569620253164557,False,True,True,False
1476,30.0,0.26923076923076916,0.5063291139240507,False,True,True,False
1477,56.0,0.5256410256410257,0.4683544303797469,False,True,True,False
1478,73.0,0.5641025641025641,0.6075949367088608,True,True,True,False
1479,34.0,0.1282051282051282,0.13924050632911394,True,True,True,False
1480,55.0,0.4487179487179487,0.5063291139240507,False,True,False,True
1481,22.0,0.07692307692307693,0.10126582278481017,False,True,True,False
1482,83.0,0.7564102564102563,0.7974683544303797,True,False,False,False
1483,39.0,0.28205128205128205,0.35443037974683544,False,True,False,False
1484,77.0,0.5,0.5063291139240507,True,True,True,False
1485,32.0,0.2948717948717948,0.3670886075949368,True,True,True,False
1486,53.0,0.6153846153846153,0.5949367088607596,True,True,True,False
1487,84.0,0.9871794871794871,1.0,True,False,False,False
1488,52.0,0.5128205128205128,0.430379746835443,False,True,False,False
1489,85.0,0.8589743589743589,0.8481012658227848,True,True,False,False
1490,77.0,0.7564102564102563,0.7848101265822786,False,False,True,False
1491,29.0,0.15384615384615385,0.22784810126582278,True,False,True,False
1492,77.0,0.5769230769230769,0.5189873417721519,True,True,True,False
1493,32.0,0.26923076923076916,0.26582278481012656,True,False,True,False
1494,74.0,0.7051282051282051,0.6455696202531646,False,True,False,False
1495,49.0,0.4871794871794871,0.49367088607594933,False,False,True,False
1496,54.0,0.4487179487179487,0.430379746835443,False,True,True,False
1497,69.0,0.8589743589743589,0.8227848101265823,False,True,True,False
1498,43.0,0.21794871794871795,0.2405063291139241,True,True,True,False
1499,56.0,0.6282051282051282,0.6075949367088608,True,True,False,False
1500,53.0,0.34615384615384615,0.379746835443038,True,True,True,False
1501,26.0,0.26923076923076916,0.3417721518987342,True,False,True,False
1502,59.0,0.5641025641025641,0.6329113924050633,True,False,True,False
1503,31.0,0.3846153846153846,0.4177215189873418,False,False,True,False
1504,53.0,0.3205128205128205,0.379746835443038,True,True,True,False
1505,40.0,0.15384615384615385,0.189873417721519,True,True,True,False
1506,57.0,0.6153846153846153,0.6075949367088608,False,True,True,False
1507,50.0,0.23076923076923073,0.189873417721519,False,False,True,False
1508,82.0,0.641025641025641,0.5063291139240507,True,False,True,False
1509,59.0,0.5256410256410257,0.569620253164557,True,False,False,False
1510,74.0,0.641025641025641,0.7088607594936709,True,True,True,False
1511,83.0,0.5769230769230769,0.5189873417721519,True,True,True,False
1512,58.0,0.6923076923076923,0.7088607594936709,False,True,True,False
1513,50.0,0.39743589743589747,0.3924050632911392,True,True,False,False
1514,81.0,0.6538461538461539,0.5949367088607596,False,False,True,False
1515,78.0,0.6538461538461539,0.7215189873417721,False,True,True,False
1516,63.0,0.5256410256410257,0.5063291139240507,False,True,True,False
1517,53.0,0.3846153846153846,0.4177215189873418,True,True,False,False
1518,41.0,0.038461538461538436,0.08860759493670889,False,True,False,False
1519,85.0,0.8717948717948717,0.8481012658227848,False,True,False,False
1520,38.0,0.23076923076923073,0.17721518987341772,True,True,True,False
1521,85.0,0.7564102564102563,0.7468354430379748,False,False,True,False
1522,59.0,0.3846153846153846,0.44303797468354433,True,False,True,False
1523,72.0,0.641025641025641,0.5822784810126582,True,True,True,False
1524,72.0,0.7051282051282051,0.6582278481012659,True,True,False,False
1525,62.0,0.6923076923076923,0.6455696202531646,True,True,False,False
1526,42.0,0.17948717948717946,0.20253164556962028,True,True,True,False
1527,38.0,0.5128205128205128,0.12658227848101267,False,False,True,False
1528,65.0,0.47435897435897434,0.45569620253164556,True,False,True,False
1529,64.0,0.4871794871794871,0.5316455696202532,True,True,True,False
1530,58.0,0.6666666666666666,0.620253164556962,False,True,False,False
1531,78.0,0.5641025641025641,0.5949367088607596,False,True,True,False
1532,63.0,0.6666666666666666,0.6455696202531646,True,True,True,False
1533,85.0,0.7307692307692307,0.6835443037974683,False,True,True,False
1534,33.0,0.14102564102564102,0.17721518987341772,False,True,True,False
1535,36.0,0.1923076923076923,0.17721518987341772,False,True,True,False
1536,73.0,0.4871794871794871,0.5443037974683544,False,True,True,False
1537,46.0,0.423076923076923,0.5063291139240507,False,True,True,False
1538,84.0,0.7435897435897435,0.7974683544303797,True,True,True,False
1539,38.0,0.11538461538461536,0.07594936708860761,False,False,False,False
1540,98.0,0.9999999999999999,0.9746835443037974,True,True,True,False
1541,66.0,0.6666666666666666,0.6962025316455697,False,True,True,False
1542,46.0,0.5128205128205128,0.5063291139240507,False,False,True,False
1543,75.0,0.6666666666666666,0.6075949367088608,False,True,False,False
1544,59.0,0.8974358974358975,0.9620253164556961,True,False,False,False
1545,54.0,0.5128205128205128,0.3924050632911392,False,True,True,False
1546,66.0,0.5641025641025641,0.5949367088607596,True,False,True,False
1547,66.0,0.46153846153846156,0.45569620253164556,False,True,True,False
1548,27.0,0.3076923076923077,0.3291139240506329,True,True,True,False
1549,51.0,0.17948717948717946,0.13924050632911394,True,False,True,False
1550,75.0,0.7051282051282051,0.7088607594936709,False,False,True,False
1551,41.0,0.17948717948717946,0.1645569620253165,False,False,True,False
1552,49.0,0.3205128205128205,0.26582278481012656,True,False,False,False
1553,35.0,0.1923076923076923,0.13924050632911394,False,True,False,False
1554,37.0,0.5128205128205128,0.17721518987341772,True,False,True,False
1555,59.0,0.20512820512820512,0.22784810126582278,True,True,True,False
1556,84.0,0.7692307692307693,0.7215189873417721,False,True,True,False
1557,75.0,0.7948717948717948,0.8607594936708861,False,False,False,False
1558,57.0,0.5897435897435898,0.6329113924050633,True,True,True,False
1559,49.0,0.14102564102564102,0.20253164556962028,False,False,True,False
1560,89.0,0.8717948717948717,0.8354430379746834,True,False,False,False
1561,34.0,0.2564102564102564,0.22784810126582278,True,True,True,False
1562,88.0,0.7692307692307693,0.8227848101265823,False,True,True,False
1563,37.0,0.4358974358974359,0.5063291139240507,True,True,True,False
1564,38.0,0.3846153846153846,0.45569620253164556,False,False,True,False
1565,70.0,0.4487179487179487,0.4177215189873418,False,True,True,False
1566,33.0,0.20512820512820512,0.15189873417721522,True,True,True,False
1567,44.0,0.3846153846153846,0.3670886075949368,True,False,False,False
1568,56.0,0.47435897435897434,0.49367088607594933,False,False,True,False
1569,91.0,0.9102564102564102,0.9367088607594937,False,False,True,False
1570,47.0,0.3076923076923077,0.2911392405063291,True,False,True,False
1571,79.0,0.6666666666666666,0.620253164556962,False,True,False,False
1572,46.0,0.5769230769230769,0.6075949367088608,False,True,True,False
1573,85.0,0.6923076923076923,0.7594936708860759,True,True,False,False
1574,67.0,0.5128205128205128,0.5316455696202532,True,True,False,False
1575,63.0,0.423076923076923,0.45569620253164556,True,True,False,False
1576,91.0,0.7307692307692307,0.7341772151898734,False,True,True,False
1577,59.0,0.6025641025641025,0.6455696202531646,True,True,True,False
1578,89.0,0.7564102564102563,0.7215189873417721,False,True,True,False
1579,59.0,0.7564102564102563,0.7088607594936709,False,False,True,False
1580,56.0,0.423076923076923,0.4810126582278481,True,True,True,False
1581,42.0,0.33333333333333337,0.3291139240506329,False,True,False,False
1582,60.0,0.4871794871794871,0.5443037974683544,False,True,True,False
1583,54.0,0.4487179487179487,0.49367088607594933,True,True,True,False
1584,75.0,0.6666666666666666,0.6582278481012659,True,True,True,False
1585,30.0,0.17948717948717946,0.1645569620253165,False,True,False,False
1586,70.0,0.4487179487179487,0.44303797468354433,True,False,True,False
1587,33.0,0.3076923076923077,0.35443037974683544,False,True,False,False
1588,78.0,0.6794871794871794,0.6835443037974683,False,True,False,False
1589,29.0,0.5128205128205128,0.2911392405063291,True,True,True,False
1590,42.0,0.5128205128205128,0.20253164556962028,True,False,True,False
1591,59.0,0.8333333333333334,0.8481012658227848,False,True,True,False
1592,74.0,0.7051282051282051,0.6455696202531646,True,False,True,False
1593,91.0,0.9358974358974358,0.9113924050632912,True,True,True,False
1594,76.0,0.6538461538461539,0.6835443037974683,False,True,True,False
1595,81.0,0.8461538461538461,0.7848101265822786,False,True,True,False
1596,49.0,0.41025641025641024,0.4683544303797469,False,False,True,False
1597,87.0,0.717948717948718,0.6582278481012659,True,False,True,False
1598,95.0,0.8333333333333334,0.7974683544303797,False,True,True,False
1599,45.0,0.3076923076923077,0.379746835443038,False,True,False,False
1600,70.0,0.6282051282051282,0.6455696202531646,False,True,False,False
1601,39.0,0.21794871794871795,0.2405063291139241,False,True,False,False
1602,77.0,0.8333333333333334,0.810126582278481,False,True,False,True
1603,69.0,0.4871794871794871,0.4683544303797469,False,False,False,False
1604,61.0,0.5384615384615384,0.5822784810126582,False,False,False,False
1605,57.0,0.5,0.49367088607594933,False,True,False,False
1606,68.0,0.5128205128205128,0.5189873417721519,True,False,True,False
1607,38.0,0.33333333333333337,0.3291139240506329,True,False,True,False
1608,39.0,0.16666666666666663,0.15189873417721522,False,True,True,False
1609,78.0,0.7435897435897435,0.7848101265822786,False,True,True,False
1610,61.0,0.5128205128205128,0.5189873417721519,False,False,True,False
1611,65.0,0.5128205128205128,0.4810126582278481,False,False,True,False
1612,41.0,0.4487179487179487,0.5063291139240507,True,True,True,False
1613,70.0,0.6025641025641025,0.6582278481012659,True,True,False,False
1614,81.0,0.6025641025641025,0.6075949367088608,True,True,True,False
1615,33.0,0.34615384615384615,0.40506329113924056,False,False,False,False
1616,45.0,0.3076923076923077,0.379746835443038,True,True,True,False
1617,49.0,0.5384615384615384,0.5443037974683544,False,False,True,False
1618,49.0,0.26923076923076916,0.3417721518987342,False,False,True,False
1619,89.0,0.6794871794871794,0.5063291139240507,False,True,True,False
1620,67.0,0.717948717948718,0.6962025316455697,False,False,False,False
1621,47.0,0.34615384615384615,0.35443037974683544,True,True,True,False
1622,39.0,0.3717948717948718,0.3924050632911392,False,True,False,False
1623,37.0,0.2435897435897436,0.30379746835443044,False,False,False,False
1624,65.0,0.5512820512820512,0.620253164556962,False,True,True,False
1625,32.0,0.2435897435897436,0.31645569620253167,True,False,True,False
1626,58.0,0.5769230769230769,0.620253164556962,False,False,True,False
1627,50.0,0.20512820512820512,0.22784810126582278,True,False,True,False
1628,59.0,0.3846153846153846,0.45569620253164556,False,False,True,False
1629,65.0,0.8076923076923076,0.8734177215189874,False,False,True,False
1630,62.0,0.5512820512820512,0.5822784810126582,False,False,False,False
1631,71.0,0.5897435897435898,0.5443037974683544,True,True,True,False
1632,59.0,0.17948717948717946,0.21518987341772156,True,True,False,False
1633,59.0,0.5769230769230769,0.5443037974683544,True,False,False,False
1634,64.0,0.41025641025641024,0.45569620253164556,True,False,False,False
1635,81.0,0.6538461538461539,0.6582278481012659,False,True,True,False
1636,91.0,0.5128205128205128,0.7215189873417721,False,False,True,False
1637,41.0,0.34615384615384615,0.31645569620253167,False,True,True,False
1638,63.0,0.717948717948718,0.6962025316455697,False,True,False,False
1639,59.0,0.4358974358974359,0.4810126582278481,True,False,True,False
1640,65.0,0.641025641025641,0.6329113924050633,True,True,True,False
1641,76.0,0.8333333333333334,0.8607594936708861,True,True,True,False
1642,74.0,0.5512820512820512,0.5189873417721519,False,False,False,False
1643,37.0,0.1923076923076923,0.21518987341772156,False,True,True,False
1644,35.0,0.4487179487179487,0.44303797468354433,False,True,True,False
1645,60.0,0.5897435897435898,0.5063291139240507,False,True,True,False
1646,59.0,0.8974358974358975,0.5063291139240507,False,False,True,False
1647,31.0,0.28205128205128205,0.30379746835443044,True,True,False,False
1648,91.0,0.7948717948717948,0.7848101265822786,False,True,True,False
1649,38.0,0.26923076923076916,0.25316455696202533,True,True,True,False
1650,54.0,0.21794871794871795,0.21518987341772156,False,True,True,False
1651,83.0,0.7435897435897435,0.6962025316455697,False,True,True,False
1652,60.0,0.423076923076923,0.4177215189873418,True,False,True,False
1653,36.0,0.3076923076923077,0.35443037974683544,False,False,True,False
1654,34.0,0.17948717948717946,0.5063291139240507,False,False,True,False
1655,46.0,0.26923076923076916,0.21518987341772156,True,True,True,False
1656,41.0,0.33333333333333337,0.40506329113924056,False,True,True,False
1657,74.0,0.6923076923076923,0.6582278481012659,False,False,False,False
1658,80.0,0.6282051282051282,0.6835443037974683,True,True,True,False
1659,52.0,0.2948717948717948,0.3417721518987342,True,False,True,False
1660,46.0,0.34615384615384615,0.2911392405063291,True,True,True,False
1661,65.0,0.4871794871794871,0.4683544303797469,True,False,False,False
1662,32.0,0.34615384615384615,0.3417721518987342,False,False,True,False
1663,66.0,0.5128205128205128,0.4810126582278481,False,True,False,False
1664,46.0,0.2948717948717948,0.2784810126582279,False,False,True,False
1665,48.0,0.5897435897435898,0.569620253164557,True,True,False,False
1666,82.0,0.5128205128205128,0.9367088607594937,False,False,False,False
1667,79.0,0.7435897435897435,0.7974683544303797,False,True,False,False
1668,77.0,0.5641025641025641,0.5949367088607596,True,True,False,True
1669,77.0,0.7948717948717948,0.810126582278481,True,False,True,False
1670,81.0,0.8589743589743589,0.8481012658227848,True,False,False,False
1671,66.0,0.41025641025641024,0.3670886075949368,True,True,True,False
1672,75.0,0.7564102564102563,0.810126582278481,True,False,True,False
1673,91.0,0.7051282051282051,0.5063291139240507,True,True,True,False
1674,29.0,0.2564102564102564,0.21518987341772156,True,False,False,False
1675,74.0,0.641025641025641,0.7088607594936709,True,False,True,False
1676,64.0,0.7051282051282051,0.6455696202531646,False,True,True,False
1677,58.0,0.3589743589743589,0.3291139240506329,False,False,True,False
1678,85.0,0.7692307692307693,0.8227848101265823,True,False,True,False
1679,24.0,0.17948717948717946,0.2405063291139241,False,False,True,False
1680,70.0,0.5128205128205128,0.4810126582278481,True,True,True,False
1681,71.0,0.5769230769230769,0.5063291139240507,True,True,True,False
1682,37.0,0.1923076923076923,0.2405063291139241,False,False,True,False
1683,60.0,0.5512820512820512,0.6075949367088608,True,True,True,False
1684,75.0,0.641025641025641,0.6582278481012659,False,True,True,False
1685,73.0,0.6794871794871794,0.6329113924050633,True,False,True,False
1686,33.0,0.17948717948717946,0.25316455696202533,False,True,False,False
1687,50.0,0.5,0.5316455696202532,True,True,False,False
1688,81.0,0.8076923076923076,0.5063291139240507,True,True,True,False
1689,70.0,0.5641025641025641,0.620253164556962,False,False,True,False
1690,58.0,0.6538461538461539,0.7088607594936709,False,False,True,False
1691,50.0,0.3205128205128205,0.2911392405063291,False,True,True,False
1692,37.0,0.08974358974358976,0.07594936708860761,True,True,True,False
1693,36.0,0.33333333333333337,0.31645569620253167,False,True,False,False
1694,48.0,0.2435897435897436,0.30379746835443044,True,False,True,False
1695,90.0,0.7307692307692307,0.7594936708860759,True,True,True,False
1696,63.0,0.5641025641025641,0.5569620253164557,False,True,False,False
1697,56.0,0.6025641025641025,0.5063291139240507,False,False,True,False
1698,38.0,0.07692307692307693,0.06329113924050633,True,True,True,False
1699,22.0,0.01282051282051283,0.025316455696202556,True,True,True,False
1700,67.0,0.6282051282051282,0.6962025316455697,False,True,True,False
1701,45.0,0.23076923076923073,0.2784810126582279,False,True,True,False
1702,61.0,0.5128205128205128,0.5063291139240507,False,True,True,False
1703,77.0,0.7564102564102563,0.810126582278481,True,True,True,False
1704,40.0,0.23076923076923073,0.189873417721519,False,True,False,False
1705,59.0,0.2948717948717948,0.5063291139240507,False,False,True,False
1706,53.0,0.5256410256410257,0.4810126582278481,True,True,True,False
1707,44.0,0.3589743589743589,0.40506329113924056,True,True,False,False
1708,69.0,0.6025641025641025,0.6582278481012659,False,False,False,False
1709,73.0,0.5512820512820512,0.5316455696202532,False,True,True,False
1710,89.0,0.8076923076923076,0.8227848101265823,True,True,True,False
1711,87.0,0.7692307692307693,0.7974683544303797,False,False,True,False
1712,54.0,0.3205128205128205,0.2784810126582279,True,True,True,False
1713,47.0,0.5256410256410257,0.5822784810126582,False,True,True,False
1714,59.0,0.0641025641025641,0.03797468354430383,False,False,False,False
1715,59.0,0.7307692307692307,0.7215189873417721,True,False,True,False
1716,87.0,0.8717948717948717,0.8607594936708861,False,True,False,False
1717,83.0,0.7564102564102563,0.7721518987341772,False,True,True,False
1718,65.0,0.47435897435897434,0.49367088607594933,False,False,False,False
1719,53.0,0.6282051282051282,0.6455696202531646,True,False,True,False
1720,74.0,0.5384615384615384,0.5949367088607596,True,False,False,False
1721,43.0,0.33333333333333337,0.3924050632911392,False,False,True,False
1722,50.0,0.4487179487179487,0.4683544303797469,False,True,False,False
1723,66.0,0.5897435897435898,0.620253164556962,False,False,True,False
1724,88.0,0.7564102564102563,0.7215189873417721,False,True,True,False
1725,69.0,0.6666666666666666,0.7088607594936709,False,True,True,False
1726,42.0,0.23076923076923073,0.30379746835443044,False,False,False,False
1727,57.0,0.6153846153846153,0.6582278481012659,True,False,True,False
1728,33.0,0.0,0.0,True,False,False,False
1729,40.0,0.20512820512820512,0.20253164556962028,False,True,True,False
1730,46.0,0.26923076923076916,0.2911392405063291,False,True,True,False
1731,68.0,0.6538461538461539,0.6962025316455697,False,False,True,False
1732,78.0,0.6282051282051282,0.6835443037974683,False,True,True,False
1733,47.0,0.3846153846153846,0.35443037974683544,True,True,True,False
1734,67.0,0.4487179487179487,0.5189873417721519,False,True,False,False
1735,80.0,0.7307692307692307,0.6835443037974683,True,False,True,False
1736,58.0,0.46153846153846156,0.5063291139240507,False,True,True,False
1737,87.0,0.717948717948718,0.7721518987341772,False,True,True,False
1738,72.0,0.6153846153846153,0.5949367088607596,True,True,False,False
1739,42.0,0.4358974358974359,0.44303797468354433,False,True,True,False
1740,33.0,0.0641025641025641,0.03797468354430383,False,True,False,False
1741,85.0,0.7948717948717948,0.8354430379746834,False,True,True,False
1742,26.0,0.08974358974358976,0.06329113924050633,False,True,False,False
1743,84.0,0.641025641025641,0.5822784810126582,False,True,True,False
1744,23.0,0.1282051282051282,0.07594936708860761,False,False,True,False
1745,49.0,0.34615384615384615,0.35443037974683544,False,False,True,False
1746,77.0,0.8076923076923076,0.5063291139240507,True,False,True,False
1747,39.0,0.2564102564102564,0.21518987341772156,False,True,False,False
1748,79.0,0.6282051282051282,0.620253164556962,True,False,True,False
1749,38.0,0.11538461538461536,0.189873417721519,False,True,False,False
1750,42.0,0.1923076923076923,0.189873417721519,True,True,True,False
1751,47.0,0.3076923076923077,0.2784810126582279,False,True,True,False
1752,78.0,0.5128205128205128,0.7594936708860759,False,True,True,False
1753,50.0,0.3717948717948718,0.3417721518987342,False,False,False,False
1754,59.0,0.8333333333333334,0.810126582278481,True,True,True,False
1755,28.0,0.038461538461538436,0.012658227848101278,True,False,True,False
1756,66.0,0.6923076923076923,0.6329113924050633,False,False,True,False
1757,44.0,0.4871794871794871,0.5316455696202532,False,True,True,False
1758,59.0,0.3589743589743589,0.3670886075949368,True,False,True,False
1759,88.0,0.923076923076923,0.5063291139240507,False,True,True,False
1760,54.0,0.3205128205128205,0.31645569620253167,True,True,False,False
1761,78.0,0.7435897435897435,0.7848101265822786,True,True,True,False
1762,71.0,0.5897435897435898,0.569620253164557,True,True,True,False
1763,74.0,0.7307692307692307,0.7215189873417721,True,False,True,False
1764,59.0,0.20512820512820512,0.20253164556962028,False,True,True,False
1765,76.0,0.7307692307692307,0.7974683544303797,True,False,True,False
1766,39.0,0.17948717948717946,0.1645569620253165,False,False,True,False
1767,60.0,0.6025641025641025,0.5569620253164557,True,False,False,False
1768,39.0,0.21794871794871795,0.25316455696202533,False,True,True,False
1769,90.0,0.6666666666666666,0.7341772151898734,False,False,True,False
1770,88.0,0.8076923076923076,0.8607594936708861,False,True,True,False
1771,59.0,0.5512820512820512,0.569620253164557,True,True,False,False
1772,92.0,0.8333333333333334,0.8354430379746834,True,True,False,False
1773,28.0,0.0641025641025641,0.08860759493670889,True,True,False,False
1774,70.0,0.6025641025641025,0.5569620253164557,False,True,True,False
1775,46.0,0.21794871794871795,0.2405063291139241,False,False,True,False
1776,76.0,0.6923076923076923,0.6329113924050633,False,False,False,False
1777,85.0,0.8333333333333334,0.8354430379746834,False,True,False,False
1778,55.0,0.3589743589743589,0.4177215189873418,False,True,True,False
1779,83.0,0.5128205128205128,0.9746835443037974,False,True,False,True
1780,45.0,0.28205128205128205,0.25316455696202533,False,True,True,False
1781,54.0,0.3589743589743589,0.3291139240506329,False,True,True,False
1782,59.0,0.39743589743589747,0.430379746835443,False,False,False,False
1783,71.0,0.5512820512820512,0.5063291139240507,True,True,True,False
1784,41.0,0.3846153846153846,0.3924050632911392,False,True,True,False
1785,63.0,0.3076923076923077,0.26582278481012656,True,False,True,False
1786,36.0,0.051282051282051266,0.12658227848101267,True,True,True,False
1787,41.0,0.3589743589743589,0.35443037974683544,False,False,True,False
1788,49.0,0.5384615384615384,0.5316455696202532,True,True,True,False
1789,73.0,0.5128205128205128,0.5316455696202532,True,True,True,False
1790,61.0,0.4358974358974359,0.3924050632911392,True,False,True,False
1791,36.0,0.20512820512820512,0.1645569620253165,True,True,True,False
1792,70.0,0.6666666666666666,0.620253164556962,True,False,True,False
1793,29.0,0.14102564102564102,0.10126582278481017,False,False,False,False
1794,78.0,0.6282051282051282,0.6329113924050633,True,True,False,False
1795,75.0,0.782051282051282,0.810126582278481,False,True,True,False
1796,45.0,0.17948717948717946,0.17721518987341772,False,False,True,False
1797,81.0,0.7051282051282051,0.6835443037974683,True,False,True,False
1798,74.0,0.717948717948718,0.6835443037974683,False,True,True,False
1799,50.0,0.4358974358974359,0.3924050632911392,True,True,True,False
1800,62.0,0.5512820512820512,0.5189873417721519,False,True,True,False
1801,59.0,0.47435897435897434,0.45569620253164556,True,True,True,False
1802,50.0,0.3076923076923077,0.2784810126582279,False,True,True,False
1803,49.0,0.5256410256410257,0.5189873417721519,True,True,True,False
1804,61.0,0.6025641025641025,0.569620253164557,False,False,True,False
1805,78.0,0.5384615384615384,0.5063291139240507,False,False,True,False
1806,82.0,0.782051282051282,0.810126582278481,False,True,False,False
1807,75.0,0.782051282051282,0.7974683544303797,False,True,True,False
1808,38.0,0.23076923076923073,0.21518987341772156,False,False,True,False
1809,79.0,0.923076923076923,0.8860759493670886,False,False,False,False
1810,59.0,0.6153846153846153,0.5949367088607596,False,False,True,False
1811,71.0,0.6923076923076923,0.6455696202531646,False,True,True,False
1812,22.0,0.26923076923076916,0.2784810126582279,True,True,True,False
1813,43.0,0.5128205128205128,0.4177215189873418,False,True,True,False
1814,31.0,0.14102564102564102,0.15189873417721522,True,False,True,False
1815,71.0,0.7051282051282051,0.6582278481012659,True,True,True,False
1816,40.0,0.07692307692307693,0.12658227848101267,True,True,True,False
1817,59.0,0.7307692307692307,0.6835443037974683,True,True,False,False
1818,38.0,0.5128205128205128,0.49367088607594933,True,True,True,False
1819,75.0,0.7435897435897435,0.7341772151898734,False,True,False,False
1820,73.0,0.5128205128205128,0.7848101265822786,True,False,True,False
1821,86.0,0.7948717948717948,0.7974683544303797,False,True,False,False
1822,81.0,0.6923076923076923,0.5063291139240507,False,False,False,False
1823,64.0,0.3846153846153846,0.4177215189873418,False,True,False,False
1824,65.0,0.5128205128205128,0.4810126582278481,False,True,True,False
1825,85.0,0.7051282051282051,0.7088607594936709,True,True,True,False
1826,91.0,0.6794871794871794,0.6582278481012659,False,True,True,False
1827,62.0,0.5512820512820512,0.5063291139240507,False,False,True,False
1828,62.0,0.641025641025641,0.6962025316455697,True,True,False,False
1829,58.0,0.5128205128205128,0.4683544303797469,False,True,False,False
1830,21.0,0.11538461538461536,0.10126582278481017,False,True,False,False
1831,65.0,0.4871794871794871,0.5316455696202532,False,False,False,False
1832,67.0,0.6153846153846153,0.6075949367088608,False,True,True,False
1833,43.0,0.3717948717948718,0.35443037974683544,True,True,False,False
1834,78.0,0.6794871794871794,0.6835443037974683,True,True,True,False
1835,78.0,0.8333333333333334,0.8860759493670886,True,True,False,False
1836,33.0,0.2564102564102564,0.2405063291139241,False,True,True,False
1837,84.0,0.7051282051282051,0.6708860759493671,False,False,True,False
1838,63.0,0.39743589743589747,0.3670886075949368,False,True,True,False
1839,58.0,0.4871794871794871,0.44303797468354433,True,False,False,False
1840,38.0,0.3205128205128205,0.3924050632911392,True,False,True,False
1841,63.0,0.5,0.4810126582278481,False,True,True,False
1842,34.0,0.038461538461538436,0.012658227848101278,False,True,False,False
1843,83.0,0.7435897435897435,0.6835443037974683,False,False,True,False
1844,48.0,0.3846153846153846,0.3417721518987342,True,True,True,False
1845,47.0,0.16666666666666663,0.5063291139240507,True,True,True,False
1846,56.0,0.4487179487179487,0.49367088607594933,True,True,True,False
1847,47.0,0.5128205128205128,0.2911392405063291,False,False,True,False
1848,59.0,0.8974358974358975,0.8607594936708861,False,True,True,False
1849,35.0,0.2948717948717948,0.26582278481012656,True,False,True,False
1850,70.0,0.641025641025641,0.5822784810126582,False,False,True,False
1851,90.0,0.8333333333333334,0.8734177215189874,False,False,True,False
1852,40.0,0.2564102564102564,0.26582278481012656,False,True,False,True
1853,59.0,0.8205128205128204,0.7721518987341772,True,False,True,False
1854,47.0,0.33333333333333337,0.3417721518987342,True,True,False,False
1855,59.0,0.2948717948717948,0.3417721518987342,True,True,True,False
1856,75.0,0.7948717948717948,0.5063291139240507,True,True,True,False
1857,89.0,0.8461538461538461,0.7974683544303797,True,True,True,False
1858,55.0,0.423076923076923,0.430379746835443,True,True,False,False
1859,66.0,0.6538461538461539,0.7088607594936709,True,False,True,False
1860,71.0,0.7564102564102563,0.8227848101265823,False,True,True,False
1861,31.0,0.1923076923076923,0.189873417721519,False,True,True,False
1862,59.0,0.423076923076923,0.4177215189873418,True,True,False,False
1863,47.0,0.3205128205128205,0.3417721518987342,False,True,True,False
1864,70.0,0.5897435897435898,0.5443037974683544,True,False,False,False
1865,62.0,0.4871794871794871,0.5569620253164557,False,True,True,False
1866,45.0,0.2564102564102564,0.2405063291139241,False,False,False,False
1867,39.0,0.2948717948717948,0.3670886075949368,False,True,True,False
1868,35.0,0.2564102564102564,0.21518987341772156,True,True,True,False
1869,71.0,0.6923076923076923,0.7594936708860759,False,True,True,False
1870,35.0,0.20512820512820512,0.20253164556962028,True,True,True,False
1871,55.0,0.5384615384615384,0.5443037974683544,True,False,False,False
1872,55.0,0.3589743589743589,0.3291139240506329,False,False,False,False
1873,67.0,0.6538461538461539,0.5949367088607596,True,True,True,False
1874,59.0,0.6666666666666666,0.6835443037974683,True,True,True,False
1875,93.0,0.8589743589743589,0.810126582278481,False,True,True,False
1876,64.0,0.6282051282051282,0.5949367088607596,False,False,True,False
1877,65.0,0.8333333333333334,0.8734177215189874,True,False,True,False
1878,55.0,0.47435897435897434,0.4683544303797469,False,True,False,False
1879,59.0,0.2564102564102564,0.22784810126582278,True,True,False,False
1880,39.0,0.14102564102564102,0.15189873417721522,True,True,False,False
1881,39.0,0.4358974358974359,0.4177215189873418,False,True,True,False
1882,26.0,0.1923076923076923,0.26582278481012656,True,True,True,False
1883,37.0,0.3076923076923077,0.26582278481012656,False,False,True,False
1884,81.0,0.7435897435897435,0.6835443037974683,False,True,False,False
1885,52.0,0.4487179487179487,0.5189873417721519,True,True,True,False
1886,45.0,0.23076923076923073,0.21518987341772156,False,True,True,False
1887,82.0,0.8461538461538461,0.7974683544303797,False,True,True,False
1888,44.0,0.2948717948717948,0.25316455696202533,True,False,True,False
1889,30.0,0.0,0.0,True,False,True,False
1890,37.0,0.26923076923076916,0.2405063291139241,False,False,False,False
1891,44.0,0.5128205128205128,0.20253164556962028,False,True,True,False
1892,48.0,0.5641025641025641,0.5063291139240507,True,True,True,False
1893,49.0,0.4487179487179487,0.4683544303797469,True,True,True,False
1894,53.0,0.39743589743589747,0.430379746835443,True,True,True,False
1895,48.0,0.39743589743589747,0.4683544303797469,False,True,True,False
1896,50.0,0.47435897435897434,0.5063291139240507,False,True,True,False
1897,83.0,0.6923076923076923,0.7468354430379748,False,True,True,False
1898,50.0,0.34615384615384615,0.4177215189873418,True,True,True,False
1899,60.0,0.6794871794871794,0.6329113924050633,True,False,False,False
1900,33.0,0.2564102564102564,0.21518987341772156,True,False,True,False
1901,65.0,0.5128205128205128,0.4810126582278481,False,True,True,False
1902,30.0,0.2435897435897436,0.2911392405063291,True,True,True,False
1903,55.0,0.2564102564102564,0.25316455696202533,False,False,True,False
1904,66.0,0.5128205128205128,0.5189873417721519,True,True,False,False
1905,59.0,0.5769230769230769,0.5189873417721519,True,True,True,False
1906,67.0,0.4487179487179487,0.4810126582278481,False,True,True,False
1907,37.0,0.33333333333333337,0.3924050632911392,True,True,True,False
1908,86.0,0.782051282051282,0.7848101265822786,True,True,True,False
1909,37.0,0.20512820512820512,0.15189873417721522,False,False,False,False
1910,81.0,0.7051282051282051,0.6708860759493671,False,False,True,False
1911,73.0,0.5128205128205128,0.7721518987341772,True,False,False,False
1912,78.0,0.8076923076923076,0.7468354430379748,False,False,False,False
1913,81.0,0.6538461538461539,0.6962025316455697,True,True,True,False
1914,52.0,0.5128205128205128,0.5569620253164557,False,True,True,False
1915,88.0,0.8589743589743589,0.9113924050632912,False,False,True,False
1916,57.0,0.47435897435897434,0.4177215189873418,False,True,True,False
1917,76.0,0.5,0.5569620253164557,True,False,True,False
1918,73.0,0.8076923076923076,0.8734177215189874,False,False,True,False
1919,65.0,0.5769230769230769,0.620253164556962,True,False,True,False
1920,53.0,0.39743589743589747,0.3924050632911392,True,False,True,False
1921,63.0,0.34615384615384615,0.30379746835443044,True,False,True,False
1922,41.0,0.3076923076923077,0.31645569620253167,True,True,True,False
1923,68.0,0.5641025641025641,0.5569620253164557,True,False,True,False
1924,38.0,0.23076923076923073,0.2405063291139241,True,True,True,False
1925,82.0,0.8076923076923076,0.5063291139240507,False,True,True,False
1926,41.0,0.2435897435897436,0.2405063291139241,False,True,True,False
1927,60.0,0.5512820512820512,0.5189873417721519,False,True,True,False
1928,27.0,0.5128205128205128,0.2911392405063291,True,True,True,False
1929,66.0,0.5384615384615384,0.6075949367088608,False,True,True,False
1930,86.0,0.7692307692307693,0.810126582278481,True,True,True,False
1931,76.0,0.6025641025641025,0.5443037974683544,True,True,False,False
1932,38.0,0.3589743589743589,0.3291139240506329,False,False,True,False
1933,84.0,0.7435897435897435,0.7468354430379748,False,True,True,False
1934,28.0,0.051282051282051266,0.0,True,True,True,False
1935,69.0,0.4871794871794871,0.5569620253164557,True,True,True,False
1936,74.0,0.9102564102564102,0.9367088607594937,False,False,True,False
1937,56.0,0.47435897435897434,0.430379746835443,False,True,True,False
1938,75.0,0.9487179487179488,0.9620253164556961,False,True,True,False
1939,58.0,0.5769230769230769,0.5316455696202532,False,True,False,False
1940,30.0,0.3205128205128205,0.3670886075949368,False,True,True,False
1941,84.0,0.6666666666666666,0.6582278481012659,True,False,True,False
1942,43.0,0.26923076923076916,0.2405063291139241,False,True,True,False
1943,38.0,0.20512820512820512,0.20253164556962028,True,False,False,False
1944,55.0,0.5128205128205128,0.5063291139240507,True,True,True,False
1945,61.0,0.5641025641025641,0.5443037974683544,True,False,True,False
1946,70.0,0.8589743589743589,0.9113924050632912,True,True,False,False
1947,40.0,0.3846153846153846,0.379746835443038,False,True,True,False
1948,82.0,0.7307692307692307,0.7721518987341772,False,False,True,False
1949,42.0,0.2435897435897436,0.26582278481012656,False,True,False,False
1950,43.0,0.0641025641025641,0.07594936708860761,True,True,True,False
1951,72.0,0.5512820512820512,0.5189873417721519,False,True,True,False
1952,81.0,0.641025641025641,0.7088607594936709,True,False,True,False
1953,42.0,0.28205128205128205,0.26582278481012656,False,True,True,False
1954,52.0,0.3717948717948718,0.3291139240506329,True,True,True,False
1955,51.0,0.41025641025641024,0.35443037974683544,False,True,True,False
1956,78.0,0.5128205128205128,0.5063291139240507,True,False,True,False
1957,81.0,0.5512820512820512,0.5443037974683544,True,False,False,False
1958,40.0,0.21794871794871795,0.25316455696202533,False,True,False,False
1959,59.0,0.34615384615384615,0.3417721518987342,True,True,False,False
1960,61.0,0.423076923076923,0.4683544303797469,False,False,True,False
1961,72.0,0.5897435897435898,0.569620253164557,True,True,False,False
1962,41.0,0.15384615384615385,0.22784810126582278,False,False,True,False
1963,81.0,0.8717948717948717,0.5063291139240507,False,False,True,False
1964,33.0,0.08974358974358976,0.15189873417721522,False,True,False,False
1965,67.0,0.8205128205128204,0.8481012658227848,False,True,False,False
1966,87.0,0.6794871794871794,0.6835443037974683,False,True,True,False
1967,68.0,0.41025641025641024,0.4683544303797469,True,False,True,False
1968,47.0,0.33333333333333337,0.2784810126582279,True,True,True,False
1969,86.0,0.7435897435897435,0.7341772151898734,False,True,False,False
1970,64.0,0.6923076923076923,0.6835443037974683,False,False,False,False
1971,51.0,0.3076923076923077,0.3417721518987342,True,True,True,False
1972,54.0,0.3589743589743589,0.430379746835443,False,False,True,False
1973,59.0,0.423076923076923,0.40506329113924056,True,False,True,False
1974,82.0,0.6794871794871794,0.620253164556962,True,True,True,False
1975,37.0,0.08974358974358976,0.10126582278481017,False,True,True,False
1976,77.0,0.9358974358974358,0.9873417721518988,False,True,True,False
1977,32.0,0.20512820512820512,0.189873417721519,True,True,True,False
1978,66.0,0.5897435897435898,0.6582278481012659,True,True,True,False
1979,50.0,0.3076923076923077,0.3291139240506329,True,True,True,False
1980,73.0,0.8333333333333334,0.7721518987341772,False,True,True,False
1981,37.0,0.3589743589743589,0.40506329113924056,True,False,False,False
1982,51.0,0.41025641025641024,0.35443037974683544,False,True,True,False
1983,47.0,0.33333333333333337,0.3670886075949368,False,True,True,False
1984,94.0,0.9487179487179488,0.8860759493670886,True,False,True,False
1985,81.0,0.9102564102564102,0.949367088607595,True,True,True,False
1986,41.0,0.23076923076923073,0.22784810126582278,False,False,True,False
1987,72.0,0.4871794871794871,0.5189873417721519,True,True,False,False
1988,44.0,0.4871794871794871,0.4683544303797469,False,True,False,False
1989,57.0,0.5769230769230769,0.6075949367088608,True,True,True,False
1990,45.0,0.3717948717948718,0.379746835443038,False,True,False,False
1991,44.0,0.23076923076923073,0.30379746835443044,True,True,True,False
1992,57.0,0.33333333333333337,0.2911392405063291,False,True,True,False
1993,21.0,0.21794871794871795,0.21518987341772156,False,False,False,True
1994,64.0,0.6153846153846153,0.6455696202531646,True,True,True,False
1995,39.0,0.3846153846153846,0.3670886075949368,False,True,False,False
1996,78.0,0.5128205128205128,0.6329113924050633,False,True,False,False
1997,51.0,0.47435897435897434,0.4810126582278481,True,False,False,False
1998,74.0,0.641025641025641,0.6329113924050633,True,True,True,False
1999,65.0,0.6153846153846153,0.5949367088607596,False,True,True,False
2000,70.0,0.6666666666666666,0.6075949367088608,True,True,True,False
